<?xml version="1.0" encoding="utf-8"?>
<openerp>
    <data noupdate="1">
        <!-- Sequences for operator registry -->
        <record id="seq_type_operator_registry" model="ir.sequence.type">
            <field name="name">Operator Registry</field>
            <field name="code">operator_registry</field>
        </record>
        <record id="seq_sale_order" model="ir.sequence">
            <field name="name">Operator Registry</field>
            <field name="code">operator_registry</field>
            <field name="prefix">OR</field>
            <field name="padding">6</field>
        </record>
    </data>
</openerp>